ticker,t,ARR,Status,IPO Date
API,-8,32,Public,Yes
API,-7,42,Public,Yes
API,-6,50,Public,Yes
API,-5,49,Public,Yes
API,-4,53,Public,Yes
API,-3,59,Public,Yes
API,-2,68,Public,Yes
API,-1,76,Public,Yes
API,0,142,Public,Yes
API,1,135,Public,Yes
SNOW,-7,114,Public,Yes
SNOW,-6,146,Public,Yes
SNOW,-5,174,Public,Yes
SNOW,-4,241,Public,Yes
SNOW,-3,292,Public,Yes
SNOW,-2,350,Public,Yes
SNOW,-1,435,Public,Yes
SNOW,0,532,Public,Yes
SNOW,1,638,Public,Yes
SNOW,2,713,Public,Yes
WDAY,-5,64,Public,No
WDAY,-4,78,Public,No
WDAY,-3,95,Public,No
WDAY,-2,116,Public,No
WDAY,-1,147,Public,No
WDAY,0,168,Public,No
WDAY,1,206,Public,No
WDAY,2,240,Public,No
WDAY,3,273,Public,No
WDAY,4,324,Public,No
WDAY,5,375,Public,No
WDAY,6,442,Public,No
WDAY,7,493,Public,No
WDAY,8,574,Public,No
WDAY,9,657,Public,No
WDAY,10,727,Public,No
WDAY,11,803,Public,No
WDAY,12,894,Public,No
WDAY,13,970,Public,No
WDAY,14,1047,Public,No
WDAY,15,1120,Public,No
WDAY,16,1224,Public,No
WDAY,17,1351,Public,No
WDAY,18,1466,Public,No
WDAY,19,1598,Public,No
WDAY,20,1738,Public,No
WDAY,21,1854,Public,No
WDAY,22,1960,Public,No
WDAY,23,2088,Public,No
WDAY,24,2262,Public,No
WDAY,25,2497,Public,No
WDAY,26,2694,Public,No
WDAY,27,2804,Public,No
WDAY,28,3028,Public,No
WDAY,29,3194,Public,No
WDAY,30,3358,Public,No
WDAY,31,3527,Public,No
WDAY,32,3726,Public,No
ZM,-7,107,Public,Yes
ZM,-6,131,Public,Yes
ZM,-5,163,Public,Yes
ZM,-4,203,Public,Yes
ZM,-3,240,Public,Yes
ZM,-2,298,Public,Yes
ZM,-1,360,Public,Yes
ZM,0,423,Public,Yes
ZM,1,487,Public,Yes
ZM,2,583,Public,Yes
ZM,3,666,Public,Yes
ZM,4,753,Public,Yes
ZM,5,1312,Public,Yes
ZM,6,2654,Public,Yes
CRWD,-5,141,Public,Yes
CRWD,-4,170,Public,Yes
CRWD,-3,208,Public,Yes
CRWD,-2,254,Public,Yes
CRWD,-1,312,Public,Yes
CRWD,0,364,Public,Yes
CRWD,1,423,Public,Yes
CRWD,2,501,Public,Yes
CRWD,3,602,Public,Yes
CRWD,4,686,Public,Yes
SHOP,-8,30,Public,No
SHOP,-7,34,Public,No
SHOP,-6,40,Public,No
SHOP,-5,48,Public,No
SHOP,-4,52,Public,No
SHOP,-3,62,Public,No
SHOP,-2,70,Public,No
SHOP,-1,81,Public,No
SHOP,0,89,Public,No
SHOP,1,102,Public,No
SHOP,2,117,Public,No
SHOP,3,138,Public,No
SHOP,4,153,Public,No
SHOP,5,173,Public,No
SHOP,6,195,Public,No
SHOP,7,225,Public,No
SHOP,8,248,Public,No
SHOP,9,283,Public,No
SHOP,10,322,Public,No
SHOP,11,375,Public,No
SHOP,12,389,Public,No
SHOP,13,423,Public,No
SHOP,14,454,Public,No
SHOP,15,534,Public,No
SHOP,16,530,Public,No
SHOP,17,565,Public,No
SHOP,18,607,Public,No
SHOP,19,732,Public,No
SHOP,20,664,Public,No
SHOP,21,684,Public,No
QTWO,-7,24,Public,No
QTWO,-6,25,Public,No
QTWO,-5,28,Public,No
QTWO,-4,31,Public,No
QTWO,-3,51,Public,No
QTWO,-2,56,Public,No
QTWO,-1,57,Public,No
QTWO,0,62,Public,No
QTWO,6,105,Public,No
QTWO,7,112,Public,No
QTWO,8,121,Public,No
QTWO,9,135,Public,No
QTWO,10,144,Public,No
QTWO,11,153,Public,No
QTWO,12,168,Public,No
QTWO,13,178,Public,No
QTWO,14,190,Public,No
QTWO,15,200,Public,No
QTWO,16,206,Public,No
QTWO,17,152,Public,No
QTWO,18,164,Public,No
QTWO,19,167,Public,No
QTWO,20,187,Public,No
QTWO,21,200,Public,No
QTWO,22,216,Public,No
QTWO,23,224,Public,No
QTWO,24,246,Public,No
QTWO,25,264,Public,No
TTD,-9,26,Public,No
TTD,-8,33,Public,No
TTD,-7,44,Public,No
TTD,-6,73,Public,No
TTD,-5,71,Public,No
TTD,-4,97,Public,No
TTD,-3,115,Public,No
TTD,-2,170,Public,No
TTD,-1,121,Public,No
TTD,0,188,Public,No
TTD,1,211,Public,No
TTD,2,289,Public,No
TTD,3,213,Public,No
TTD,4,291,Public,No
TTD,5,317,Public,No
TTD,6,410,Public,No
TTD,7,342,Public,No
TTD,8,449,Public,No
TTD,9,475,Public,No
TTD,10,641,Public,No
TTD,11,483,Public,No
TTD,12,639,Public,No
TTD,13,656,Public,No
TTD,14,863,Public,No
TTD,15,642,Public,No
TTD,16,557,Public,No
NOW,-6,59,Public,No
NOW,-5,73,Public,No
NOW,-4,84,Public,No
NOW,-3,99,Public,No
NOW,-2,121,Public,No
NOW,-1,138,Public,No
NOW,0,158,Public,No
NOW,1,187,Public,No
NOW,2,221,Public,No
NOW,3,251,Public,No
NOW,4,286,Public,No
NOW,5,321,Public,No
NOW,6,371,Public,No
NOW,7,419,Public,No
NOW,8,469,Public,No
NOW,9,530,Public,No
NOW,10,601,Public,No
NOW,11,667,Public,No
NOW,12,719,Public,No
NOW,13,801,Public,No
NOW,14,892,Public,No
NOW,15,978,Public,No
NOW,16,1069,Public,No
NOW,17,1162,Public,No
NOW,18,1275,Public,No
NOW,19,1428,Public,No
NOW,20,1550,Public,No
NOW,21,1610,Public,No
NOW,22,1798,Public,No
NOW,23,1998,Public,No
NOW,24,2173,Public,No
NOW,25,2341,Public,No
NOW,26,2506,Public,No
NOW,27,2664,Public,No
NOW,28,2959,Public,No
NOW,29,3123,Public,No
NOW,30,3339,Public,No
NOW,31,3596,Public,No
NOW,32,3978,Public,No
NOW,33,4062,Public,No
ZI,-8,126,Public,Yes
ZI,-7,138,Public,Yes
ZI,-6,149,Public,Yes
ZI,-5,163,Public,Yes
ZI,-4,218,Public,Yes
ZI,-3,270,Public,Yes
ZI,-2,316,Public,Yes
ZI,-1,364,Public,Yes
ZI,0,414,Public,Yes
ZI,1,438,Public,Yes
WIX,-10,18,Public,No
WIX,-9,22,Public,No
WIX,-8,26,Public,No
WIX,-7,31,Public,No
WIX,-6,35,Public,No
WIX,-5,40,Public,No
WIX,-4,45,Public,No
WIX,-3,53,Public,No
WIX,-2,62,Public,No
WIX,-1,74,Public,No
WIX,0,85,Public,No
WIX,1,99,Public,No
WIX,2,115,Public,No
WIX,3,135,Public,No
WIX,4,150,Public,No
WIX,5,166,Public,No
WIX,6,178,Public,No
WIX,7,194,Public,No
WIX,8,214,Public,No
WIX,9,227,Public,No
WIX,10,246,Public,No
WIX,11,274,Public,No
WIX,12,302,Public,No
WIX,13,336,Public,No
WIX,14,370,Public,No
WIX,15,414,Public,No
WIX,16,444,Public,No
WIX,17,474,Public,No
WIX,18,551,Public,No
WIX,19,584,Public,No
WIX,20,622,Public,No
WIX,21,574,Public,No
WIX,22,621,Public,No
WIX,23,741,Public,No
WIX,24,787,Public,No
WIX,25,685,Public,No
WIX,26,739,Public,No
WIX,27,790,Public,No
CRM,-8,37,Public,No
CRM,-7,47,Public,No
CRM,-6,56,Public,No
CRM,-5,62,Public,No
CRM,-4,75,Public,No
CRM,-3,86,Public,No
CRM,-2,101,Public,No
CRM,0,139,Public,No
CRM,1,162,Public,No
CRM,2,185,Public,No
CRM,4,256,Public,No
CRM,5,287,Public,No
CRM,6,330,Public,No
CRM,8,418,Public,No
CRM,9,472,Public,No
CRM,10,520,Public,No
CRM,12,649,Public,No
CRM,13,706,Public,No
CRM,14,771,Public,No
CRM,15,867.624,Public,No
CRM,16,990,Public,No
CRM,17,1052,Public,No
CRM,18,1105,Public,No
CRM,19,1158,Public,No
CRM,20,1219,Public,No
CRM,21,1264,Public,No
CRM,22,1322,Public,No
CRM,23,1416,Public,No
CRM,24,1507,Public,No
CRM,25,1577,Public,No
CRM,26,1716,Public,No
CRM,27,1827,Public,No
CRM,28,2017,Public,No
CRM,29,2184,Public,No
CRM,30,2337,Public,No
CRM,31,2527,Public,No
CRM,32,2781,Public,No
CRM,33,2926,Public,No
CRM,34,3153,Public,No
CRM,35,3338,Public,No
CRM,36,3570,Public,No
CRM,37,3828,Public,No
CRM,38,4304,Public,No
CRM,39,4580,Public,No
CRM,40,4907,Public,No
CRM,41,5274,Public,No
CRM,42,5534,Public,No
CRM,43,5778,Public,No
CRM,44,6044,Public,No
CRM,45,6538,Public,No
CRM,46,6847,Public,No
CRM,47,7237,Public,No
CRM,48,7666,Public,No
CRM,49,8146,Public,No
CRM,50,8579,Public,No
CRM,51,9356,Public,No
CRM,52,9588,Public,No
CRM,53,10308,Public,No
CRM,54,10804,Public,No
CRM,55,11460,Public,No
CRM,56,11240,Public,No
CRM,57,13124,Public,No
CRM,58,13568,Public,No
CRM,59,14412,Public,No
CRM,60,13984,Public,No
CRM,61,14980,Public,No
CRM,62,18052,Public,No
CRM,63,19404,Public,No
CRM,64,19460,Public,No
CRM,65,20604,Public,No
DDOG,-9,73,Public,Yes
DDOG,-8,87,Public,Yes
DDOG,-7,106,Public,Yes
DDOG,-6,134,Public,Yes
DDOG,-5,158,Public,Yes
DDOG,-4,182,Public,Yes
DDOG,-3,204,Public,Yes
DDOG,-2,246,Public,Yes
DDOG,-1,280,Public,Yes
DDOG,0,332,Public,Yes
DDOG,1,383,Public,Yes
DDOG,2,454,Public,Yes
DDOG,3,524,Public,Yes
DDOG,4,560,Public,Yes
OKTA,-7,58,Public,No
OKTA,-6,71,Public,No
OKTA,-5,81,Public,No
OKTA,-4,94,Public,No
OKTA,-3,110,Public,No
OKTA,-2,133,Public,No
OKTA,-1,152,Public,No
OKTA,0,183,Public,No
OKTA,1,193,Public,No
OKTA,2,221,Public,No
OKTA,3,247,Public,No
OKTA,4,283,Public,No
OKTA,5,307,Public,No
OKTA,6,351,Public,No
OKTA,7,390,Public,No
OKTA,8,433,Public,No
OKTA,9,468,Public,No
OKTA,10,529,Public,No
OKTA,11,578,Public,No
OKTA,12,634,Public,No
OKTA,13,695,Public,No
OKTA,14,762,Public,No
ZEN,-8,27,Public,No
ZEN,-7,34,Public,No
ZEN,-6,41,Public,No
ZEN,-5,49,Public,No
ZEN,-4,55,Public,No
ZEN,-3,65,Public,No
ZEN,-2,76,Public,No
ZEN,-1,90,Public,No
ZEN,0,100,Public,No
ZEN,1,118,Public,No
ZEN,2,135,Public,No
ZEN,3,154,Public,No
ZEN,4,168,Public,No
ZEN,5,192,Public,No
ZEN,6,222,Public,No
ZEN,7,250,Public,No
ZEN,8,273,Public,No
ZEN,9,296,Public,No
ZEN,10,322,Public,No
ZEN,11,357,Public,No
ZEN,12,375,Public,No
ZEN,13,408,Public,No
ZEN,14,449,Public,No
ZEN,15,487,Public,No
ZEN,16,519,Public,No
ZEN,17,567,Public,No
ZEN,18,619,Public,No
ZEN,19,688,Public,No
ZEN,20,725,Public,No
ZEN,21,778,Public,No
ZEN,22,841,Public,No
ZEN,23,919,Public,No
ZEN,24,949,Public,No
ZEN,25,986,Public,No
ESTC,-8,58.816,Public,No
ESTC,-7,76.652,Public,No
ESTC,-6,84.224,Public,No
ESTC,-5,99.292,Public,No
ESTC,-4,117.564,Public,No
ESTC,-3,139.128,Public,No
ESTC,-2,156.132,Public,No
ESTC,-1,184.704,Public,No
ESTC,0,206.436,Public,No
ESTC,1,233.744,Public,No
ESTC,2,258.344,Public,No
ESTC,3,294,Public,No
ESTC,4,329.56,Public,No
ESTC,5,366.716,Public,No
ESTC,6,416.792,Public,No
ESTC,7,455,Public,No
ESTC,8,485,Public,No
ESTC,9,536.836,Public,No
ESTC,10,588.996,Public,No
TWLO,-8,70,Public,No
TWLO,-7,80,Public,No
TWLO,-6,94,Public,No
TWLO,-5,110,Public,No
TWLO,-4,133,Public,No
TWLO,-3,151,Public,No
TWLO,-2,177,Public,No
TWLO,-1,205,Public,No
TWLO,0,237,Public,No
TWLO,1,258,Public,No
TWLO,2,286,Public,No
TWLO,3,300,Public,No
TWLO,4,349,Public,No
TWLO,5,383,Public,No
TWLO,6,402,Public,No
TWLO,7,540,Public,No
TWLO,8,516,Public,No
TWLO,9,591,Public,No
TWLO,10,675,Public,No
TWLO,11,817,Public,No
TWLO,12,932,Public,No
TWLO,13,1100,Public,No
TWLO,14,1180,Public,No
TWLO,15,1324,Public,No
TWLO,16,1459,Public,No
TWLO,17,1603,Public,No
NEWR,-9,20,Public,No
NEWR,-8,26,Public,No
NEWR,-7,32,Public,No
NEWR,-6,39,Public,No
NEWR,-5,47,Public,No
NEWR,-4,57,Public,No
NEWR,-3,68,Public,No
NEWR,-2,79,Public,No
NEWR,-1,90,Public,No
NEWR,0,101,Public,No
NEWR,1,116,Public,No
NEWR,2,133,Public,No
NEWR,3,152,Public,No
NEWR,4,171,Public,No
NEWR,5,190,Public,No
NEWR,6,209,Public,No
NEWR,7,234,Public,No
NEWR,8,253,Public,No
NEWR,9,272,Public,No
NEWR,10,293,Public,No
NEWR,11,320,Public,No
NEWR,12,338,Public,No
NEWR,13,367,Public,No
NEWR,14,393,Public,No
NEWR,15,432,Public,No
NEWR,16,459,Public,No
NEWR,17,496,Public,No
NEWR,18,528,Public,No
NEWR,19,569,Public,No
NEWR,20,591,Public,No
NEWR,21,608,Public,No
NEWR,22,642,Public,No
NEWR,23,648,Public,No
LOGM,-5,34,Public,No
LOGM,-4,39,Public,No
LOGM,-3,45,Public,No
LOGM,-2,57,Public,No
LOGM,-1,63,Public,No
LOGM,0,68,Public,No
LOGM,1,72,Public,No
LOGM,2,75,Public,No
LOGM,3,80,Public,No
LOGM,4,85,Public,No
LOGM,5,93,Public,No
LOGM,6,101,Public,No
LOGM,7,123,Public,No
LOGM,8,108,Public,No
LOGM,9,116,Public,No
LOGM,10,124,Public,No
LOGM,11,129,Public,No
LOGM,12,130,Public,No
LOGM,13,135,Public,No
LOGM,14,141,Public,No
LOGM,15,147,Public,No
LOGM,16,149,Public,No
LOGM,17,162,Public,No
LOGM,18,171,Public,No
LOGM,19,180,Public,No
LOGM,20,196,Public,No
LOGM,21,219,Public,No
LOGM,22,232,Public,No
LOGM,23,239,Public,No
LOGM,24,244,Public,No
LOGM,25,259,Public,No
LOGM,26,278,Public,No
LOGM,27,304,Public,No
LOGM,28,318,Public,No
LOGM,29,333,Public,No
LOGM,30,340,Public,No
LOGM,31,351,Public,No
LOGM,32,749,Public,No
LOGM,33,1028,Public,No
LOGM,34,1077,Public,No
LOGM,35,1104,Public,No
LOGM,36,1116,Public,No
LOGM,37,1222,Public,No
LOGM,38,1235,Public,No
LOGM,39,1240,Public,No
LOGM,40,1230,Public,No
LOGM,41,1252,Public,No
LOGM,42,1267,Public,No
LOGM,43,1290,Public,No
LOGM,44,1289,Public,No
LOGM,45,1402,Public,No
VEEV,-5,53,Public,No
VEEV,-4,63,Public,No
VEEV,-3,63,Public,No
VEEV,-2,96,Public,No
VEEV,-1,111,Public,No
VEEV,0,136,Public,No
VEEV,1,155,Public,No
VEEV,2,182,Public,No
VEEV,3,194,Public,No
VEEV,4,226,Public,No
VEEV,5,245,Public,No
VEEV,6,266,Public,No
VEEV,7,275,Public,No
VEEV,8,301,Public,No
VEEV,9,326,Public,No
VEEV,10,361,Public,No
VEEV,11,384,Public,No
VEEV,12,420,Public,No
VEEV,13,454,Public,No
VEEV,14,503,Public,No
VEEV,15,516,Public,No
VEEV,16,542,Public,No
VEEV,17,571,Public,No
VEEV,18,607,Public,No
VEEV,19,624,Public,No
VEEV,20,678,Public,No
VEEV,21,712,Public,No
VEEV,22,762,Public,No
VEEV,23,792,Public,No
VEEV,24,869,Public,No
VEEV,25,907,Public,No
VEEV,26,1016,Public,No
VEEV,27,1080,Public,No
VEEV,28,1134,Public,No
INST,1,87,Public,No
INST,3,103,Public,No
INST,5,133,Public,No
INST,8,172,Public,No
INST,9,179,Public,No
INST,10,191,Public,No
INST,11,200,Public,No
INST,12,220,Public,No
INST,13,225,Public,No
INST,14,232,Public,No
INST,15,251,Public,No
INST,16,273,Public,No
SMAR,-7,51,Public,No
SMAR,-6,59,Public,No
SMAR,-5,65,Public,No
SMAR,-4,73,Public,No
SMAR,-3,81,Public,No
SMAR,-2,95,Public,No
SMAR,-1,105,Public,No
SMAR,0,119,Public,No
SMAR,1,128,Public,No
SMAR,2,149,Public,No
SMAR,3,166,Public,No
SMAR,4,185,Public,No
SMAR,5,201,Public,No
SMAR,6,233,Public,No
SMAR,7,257,Public,No
SMAR,8,284,Public,No
SMAR,9,308,Public,No
P2,-17,10.6,Private,No
P2,-16,19.8,Private,No
P2,-15,31.5,Private,No
P2,-14,45.9,Private,No
P2,-13,60.8,Private,No
P2,-12,85.46,Private,No
WORK,-8,170,Public,Yes
WORK,-7,205,Public,Yes
WORK,-6,232,Public,Yes
WORK,-5,273,Public,Yes
WORK,-4,323,Public,Yes
WORK,-3,368,Public,Yes
WORK,-2,422,Public,Yes
WORK,-1,487,Public,Yes
WORK,0,539,Public,Yes
WORK,1,579,Public,Yes
WORK,2,674,Public,Yes
WORK,3,727,Public,Yes
WORK,4,806,Public,Yes
COUP,-7,56,Public,No
COUP,-6,60,Public,No
COUP,-5,63,Public,No
COUP,-4,74,Public,No
COUP,-3,91,Public,No
COUP,-2,105,Public,No
COUP,-1,116,Public,No
COUP,0,124,Public,No
COUP,1,141,Public,No
COUP,2,152,Public,No
COUP,3,164,Public,No
COUP,4,178,Public,No
COUP,5,189,Public,No
COUP,6,215,Public,No
COUP,7,225,Public,No
COUP,8,246,Public,No
COUP,9,269,Public,No
COUP,10,299,Public,No
COUP,11,325,Public,No
COUP,12,333,Public,No
COUP,13,407,Public,No
COUP,14,445,Public,No
COUP,15,476,Public,No
ZUO,-7,79,Public,No
ZUO,-6,87,Public,No
ZUO,-5,93,Public,No
ZUO,-4,99,Public,No
ZUO,-3,104,Public,No
ZUO,-2,115,Public,No
ZUO,-1,124,Public,No
ZUO,0,138,Public,No
ZUO,1,143,Public,No
ZUO,2,165,Public,No
ZUO,3,177,Public,No
ZUO,4,179,Public,No
ZUO,5,189,Public,No
ZUO,6,202,Public,No
ZUO,7,216,Public,No
ZUO,8,218,Public,No
ZUO,9,227,Public,No
AYX,-7,46,Public,No
AYX,-6,50,Public,No
AYX,-5,56,Public,No
AYX,-4,61,Public,No
AYX,-3,73,Public,No
AYX,-2,79,Public,No
AYX,-1,89,Public,No
AYX,0,99,Public,No
AYX,1,114,Public,No
AYX,2,121,Public,No
AYX,3,136,Public,No
AYX,4,154,Public,No
AYX,5,171,Public,No
AYX,6,187,Public,No
AYX,7,216,Public,No
AYX,8,242,Public,No
AYX,9,290,Public,No
AYX,10,307,Public,No
AYX,11,351,Public,No
AYX,12,384,Public,No
AYX,13,400,Public,No
AYX,14,430,Public,No
APPF,-4,39,Public,No
APPF,-3,46,Public,No
APPF,-2,52,Public,No
APPF,-1,52,Public,No
APPF,0,63,Public,No
APPF,1,73,Public,No
APPF,2,81,Public,No
APPF,3,81,Public,No
APPF,4,92,Public,No
APPF,5,104,Public,No
APPF,6,112,Public,No
APPF,7,112,Public,No
APPF,8,128,Public,No
APPF,9,143,Public,No
APPF,10,151,Public,No
APPF,11,151,Public,No
APPF,12,169,Public,No
APPF,13,188,Public,No
APPF,14,200,Public,No
APPF,15,201,Public,No
APPF,16,228,Public,No
APPF,17,254,Public,No
APPF,18,271,Public,No
APPF,19,269,Public,No
APPF,20,289,Public,No
APPF,21,324,Public,No
HCAT,-9,65,Public,Yes
HCAT,-8,70,Public,Yes
HCAT,-7,70,Public,Yes
HCAT,-6,86,Public,Yes
HCAT,-5,82,Public,Yes
HCAT,-4,91,Public,Yes
HCAT,-3,131,Public,Yes
HCAT,-2,144,Public,Yes
HCAT,-1,140,Public,Yes
HCAT,0,147,Public,Yes
HCAT,1,157,Public,Yes
HCAT,2,174,Public,Yes
HCAT,3,180,Public,Yes
HCAT,4,173,Public,Yes
BILL,-8,49,Public,Yes
BILL,-7,53,Public,Yes
BILL,-6,59,Public,Yes
BILL,-5,65,Public,Yes
BILL,-4,72,Public,Yes
BILL,-3,81,Public,Yes
BILL,-2,88,Public,Yes
BILL,-1,100,Public,Yes
BILL,0,114,Public,Yes
BILL,1,131,Public,Yes
BILL,2,144,Public,Yes
BILL,3,155,Public,Yes
ZS,-9,68,Public,No
ZS,-8,75,Public,No
ZS,-7,82,Public,No
ZS,-6,94,Public,No
ZS,-5,107,Public,No
ZS,-4,117,Public,No
ZS,-3,131,Public,No
ZS,-2,146,Public,No
ZS,-1,159,Public,No
ZS,0,179,Public,No
ZS,1,196,Public,No
ZS,2,224,Public,No
ZS,3,253,Public,No
ZS,4,297,Public,No
ZS,5,316,Public,No
ZS,6,344,Public,No
ZS,7,374,Public,No
ZS,8,405,Public,No
ZS,9,442,Public,No
MDB,-9,46,Public,No
MDB,-8,56,Public,No
MDB,-7,62,Public,No
MDB,-6,68,Public,No
MDB,-5,76,Public,No
MDB,-4,84,Public,No
MDB,-3,95,Public,No
MDB,-2,108,Public,No
MDB,-1,116,Public,No
MDB,0,130,Public,No
MDB,1,151,Public,No
MDB,2,209,Public,No
MDB,3,184,Public,No
MDB,4,220,Public,No
MDB,5,240,Public,No
MDB,6,322,Public,No
MDB,7,335,Public,No
MDB,8,376,Public,No
MDB,9,415,Public,No
MDB,10,471,Public,No
MDB,11,499,Public,No
TEAM,-8,41,Public,No
TEAM,-7,47,Public,No
TEAM,-6,53,Public,No
TEAM,-5,61,Public,No
TEAM,-4,68,Public,No
TEAM,-3,80,Public,No
TEAM,-2,90,Public,No
TEAM,-1,104,Public,No
TEAM,0,121,Public,No
TEAM,1,135,Public,No
TEAM,2,154,Public,No
TEAM,3,174,Public,No
TEAM,4,199,Public,No
TEAM,5,225,Public,No
TEAM,6,253,Public,No
TEAM,7,290,Public,No
TEAM,8,345,Public,No
TEAM,9,390,Public,No
TEAM,10,425,Public,No
TEAM,11,481,Public,No
TEAM,12,536,Public,No
TEAM,13,610,Public,No
TEAM,14,665,Public,No
TEAM,15,723,Public,No
TEAM,16,804,Public,No
TEAM,17,914,Public,No
TEAM,18,976,Public,No
TEAM,19,1030,Public,No
NCNO,-8,76,Public,No
NCNO,-7,90,Public,No
NCNO,-6,94,Public,No
NCNO,-5,104,Public,No
NCNO,-4,84,Public,No
NCNO,-3,127,Public,No
NCNO,-2,151,Public,No
NCNO,-1,154,Public,No
NCNO,0,139,Public,No
NET,-9,100,Public,Yes
NET,-8,115,Public,Yes
NET,-7,169,Public,Yes
NET,-6,154,Public,Yes
NET,-5,167,Public,Yes
NET,-4,181,Public,Yes
NET,-3,200,Public,Yes
NET,-2,221,Public,Yes
NET,-1,246,Public,Yes
NET,0,269,Public,Yes
NET,1,295,Public,Yes
NET,2,335,Public,Yes
NET,3,365,Public,Yes
NET,4,398,Public,Yes
BL,-2,106,Public,No
BL,0,128,Public,No
BL,1,161,Public,No
BL,2,152,Public,No
BL,3,167,Public,No
BL,4,181,Public,No
BL,5,200,Public,No
BL,6,205,Public,No
BL,7,221,Public,No
BL,8,234,Public,No
BL,9,249,Public,No
BL,10,256,Public,No
BL,11,278,Public,No
BL,12,299,Public,No
BL,13,321,Public,No
BL,14,330,Public,No
BL,15,333,Public,No
PD,-7,68,Public,Yes
PD,-6,74,Public,Yes
PD,-5,83,Public,Yes
PD,-4,92,Public,Yes
PD,-3,100,Public,Yes
PD,-2,110,Public,Yes
PD,-1,124,Public,Yes
PD,0,135,Public,Yes
PD,1,149,Public,Yes
PD,2,161,Public,Yes
PD,3,171,Public,Yes
PD,4,183,Public,Yes
PD,5,199,Public,Yes
JFROG,-4,99,Public,Yes
JFROG,-3,111,Public,Yes
JFROG,-2,123,Public,Yes
JFROG,-1,131,Public,Yes
JFROG,0,145,Public,Yes
CLDR,-7,92,Public,No
CLDR,-6,110,Public,No
CLDR,-5,126,Public,No
CLDR,-4,146,Public,No
CLDR,-3,162,Public,No
CLDR,-2,202,Public,No
CLDR,-1,210,Public,No
CLDR,0,224,Public,No
CLDR,1,258,Public,No
CLDR,2,295,Public,No
CLDR,3,312,Public,No
CLDR,4,343,Public,No
CLDR,5,347,Public,No
CLDR,6,383,Public,No
CLDR,7,398,Public,No
CLDR,8,492,Public,No
CLDR,9,672,Public,No
CLDR,10,656,Public,No
CLDR,11,667,Public,No
CLDR,12,731,Public,No
CLDR,13,748,Public,No
RPD,-9,35,Public,No
RPD,-8,37,Public,No
RPD,-7,40,Public,No
RPD,-6,41,Public,No
RPD,-5,42,Public,No
RPD,-4,44,Public,No
RPD,-3,49,Public,No
RPD,-2,51,Public,No
RPD,-1,54,Public,No
RPD,0,58,Public,No
RPD,1,64,Public,No
RPD,2,75,Public,No
RPD,3,80,Public,No
RPD,4,85,Public,No
RPD,5,92,Public,No
RPD,6,98,Public,No
RPD,7,128,Public,No
RPD,8,137,Public,No
RPD,9,148,Public,No
RPD,10,136,Public,No
RPD,11,177,Public,No
RPD,12,198,Public,No
RPD,13,217,Public,No
RPD,14,251,Public,No
RPD,15,268,Public,No
RPD,16,290,Public,No
RPD,17,310,Public,No
RPD,18,338,Public,No
RPD,19,350,Public,No
RPD,20,379,Public,No
TENB,-9,102,Public,No
TENB,-8,115,Public,No
TENB,-7,134,Public,No
TENB,-6,144,Public,No
TENB,-5,110,Public,No
TENB,-4,132,Public,No
TENB,-3,139,Public,No
TENB,-2,157,Public,No
TENB,-1,177,Public,No
TENB,0,194,Public,No
TENB,1,214,Public,No
TENB,2,237,Public,No
TENB,3,258,Public,No
TENB,4,277,Public,No
TENB,5,302,Public,No
TENB,6,323,Public,No
TENB,7,345,Public,No
TENB,8,368,Public,No
PLTR,-5,585,Public,Yes
PLTR,-4,705,Public,Yes
PLTR,-3,762,Public,Yes
PLTR,-2,917,Public,Yes
PLTR,-1,917,Public,Yes
PLTR,0,1007,Public,Yes
PLAN,-5,118,Public,No
PLAN,-4,137,Public,No
PLAN,-3,152,Public,No
PLAN,-2,166,Public,No
PLAN,-1,179,Public,No
PLAN,0,198,Public,No
PLAN,1,217,Public,No
PLAN,2,238,Public,No
PLAN,3,260,Public,No
PLAN,4,294,Public,No
PLAN,5,318,Public,No
PLAN,6,358,Public,No
PLAN,7,375,Public,No
PLAN,8,388,Public,No
FSLY,-8,97,Public,Yes
FSLY,-7,97,Public,Yes
FSLY,-6,104,Public,Yes
FSLY,-5,120,Public,Yes
FSLY,-4,129,Public,Yes
FSLY,-3,137,Public,Yes
FSLY,-2,147,Public,Yes
FSLY,-1,163,Public,Yes
FSLY,0,182,Public,Yes
FSLY,1,184,Public,Yes
FSLY,2,199,Public,Yes
FSLY,3,235,Public,Yes
FSLY,4,251,Public,Yes
FSLY,5,298,Public,Yes
SAIL,-6,43,Public,No
SAIL,-5,46,Public,No
SAIL,-4,50,Public,No
SAIL,-3,56,Public,No
SAIL,-2,59,Public,No
SAIL,-1,65,Public,No
SAIL,0,74,Public,No
SAIL,1,84,Public,No
SAIL,2,90,Public,No
SAIL,3,96,Public,No
SAIL,4,113,Public,No
SAIL,5,118,Public,No
SAIL,6,127,Public,No
SAIL,7,134,Public,No
SAIL,8,149,Public,No
SAIL,9,161,Public,No
SAIL,10,175,Public,No
SAIL,11,183,Public,No
YEXT,-7,75,Public,No
YEXT,-6,86,Public,No
YEXT,-5,93,Public,No
YEXT,-4,102,Public,No
YEXT,-3,108,Public,No
YEXT,-2,118,Public,No
YEXT,-1,127,Public,No
YEXT,0,142,Public,No
YEXT,1,148,Public,No
YEXT,2,163,Public,No
YEXT,3,177,Public,No
YEXT,4,192,Public,No
YEXT,5,203,Public,No
YEXT,6,219,Public,No
YEXT,7,234,Public,No
YEXT,8,255,Public,No
YEXT,9,274,Public,No
YEXT,10,289,Public,No
YEXT,11,305,Public,No
YEXT,12,325,Public,No
YEXT,13,341,Public,No
TLND,-9,46,Public,No
TLND,-8,47,Public,No
TLND,-7,50,Public,No
TLND,-6,53,Public,No
TLND,-5,55,Public,No
TLND,-4,60,Public,No
TLND,-3,64,Public,No
TLND,-2,70,Public,No
TLND,-1,77,Public,No
TLND,0,84,Public,No
TLND,1,91,Public,No
TLND,2,100,Public,No
TLND,3,110,Public,No
TLND,4,121,Public,No
TLND,5,131,Public,No
TLND,6,140,Public,No
TLND,7,160,Public,No
TLND,8,171,Public,No
TLND,9,181,Public,No
TLND,10,198,Public,No
TLND,11,205,Public,No
TLND,12,218,Public,No
TLND,13,224,Public,No
TLND,14,243,Public,No
TLND,15,245,Public,No
TLND,16,243,Public,No
DOCU,-7,306,Public,No
DOCU,-6,333,Public,No
DOCU,-5,359,Public,No
DOCU,-4,394,Public,No
DOCU,-3,427,Public,No
DOCU,-2,470,Public,No
DOCU,-1,491,Public,No
DOCU,0,549,Public,No
DOCU,1,592,Public,No
DOCU,2,633,Public,No
DOCU,3,677,Public,No
DOCU,4,750,Public,No
DOCU,5,805,Public,No
DOCU,6,883,Public,No
DOCU,7,952,Public,No
DOCU,8,1032,Public,No
DOCU,9,1123,Public,No
MDSO,-8,73,Public,No
MDSO,-7,83,Public,No
MDSO,-6,89,Public,No
MDSO,-5,98,Public,No
MDSO,-4,99,Public,No
MDSO,-3,121,Public,No
MDSO,-2,117,Public,No
MDSO,-1,124,Public,No
MDSO,0,134,Public,No
MDSO,1,136,Public,No
MDSO,2,140,Public,No
MDSO,3,150,Public,No
MDSO,4,150,Public,No
MDSO,5,161,Public,No
MDSO,6,164,Public,No
MDSO,7,189,Public,No
MDSO,8,163,Public,No
MDSO,9,200,Public,No
MDSO,10,185,Public,No
MDSO,11,188,Public,No
MDSO,12,201,Public,No
MDSO,13,214,Public,No
MDSO,14,223,Public,No
MDSO,15,234,Public,No
MDSO,16,202,Public,No
MDSO,17,272,Public,No
MDSO,18,283,Public,No
MDSO,19,298,Public,No
MDSO,20,255,Public,No
MDSO,21,275,Public,No
MDSO,22,286,Public,No
MDSO,23,302,Public,No
MDSO,24,314,Public,No
MDSO,25,335,Public,No
MDSO,26,355,Public,No
MDSO,27,338,Public,No
MDSO,28,359,Public,No
MDSO,29,387,Public,No
MDSO,30,406,Public,No
MDSO,31,402,Public,No
MDSO,32,431,Public,No
MDSO,33,451,Public,No
MDSO,34,469,Public,No
MDSO,35,479,Public,No
MDSO,36,507,Public,No
MDSO,37,521,Public,No
MDSO,38,548,Public,No
MDSO,39,565,Public,No
MDSO,40,587,Public,No
MDSO,41,600,Public,No
PS,-7,131,Public,No
PS,-5,137,Public,No
PS,-4,148,Public,No
PS,-3,155,Public,No
PS,-2,173,Public,No
PS,-1,189,Public,No
PS,0,198,Public,No
PS,1,214,Public,No
PS,2,246,Public,No
PS,3,269,Public,No
PS,4,278,Public,No
PS,5,303,Public,No
PS,6,330,Public,No
PS,7,355,Public,No
PS,8,370,Public,No
PS,9,379,Public,No
MDLA,-7,194,Public,Yes
MDLA,-6,205,Public,Yes
MDLA,-5,216,Public,Yes
MDLA,-4,222,Public,Yes
MDLA,-3,240,Public,Yes
MDLA,-2,252,Public,Yes
MDLA,-1,271,Public,Yes
MDLA,0,286,Public,Yes
MDLA,1,298,Public,Yes
MDLA,2,318,Public,Yes
MDLA,3,344,Public,Yes
MDLA,4,355,Public,Yes
DOMO,-8,50,Public,No
DOMO,-7,55,Public,No
DOMO,-6,61,Public,No
DOMO,-5,67,Public,No
DOMO,-4,76,Public,No
DOMO,-3,84,Public,No
DOMO,-2,90,Public,No
DOMO,-1,98,Public,No
DOMO,0,106,Public,No
DOMO,1,112,Public,No
DOMO,2,121,Public,No
DOMO,3,127,Public,No
DOMO,4,137,Public,No
DOMO,5,139,Public,No
DOMO,6,151,Public,No
DOMO,7,158,Public,No
DOMO,8,169,Public,No
WK,-10,35,Public,No
WK,-9,44,Public,No
WK,-8,62,Public,No
WK,-7,69,Public,No
WK,-6,85,Public,No
WK,-5,76,Public,No
WK,-4,85,Public,No
WK,-3,94,Public,No
WK,-2,113,Public,No
WK,-1,106,Public,No
WK,0,111,Public,No
WK,1,120,Public,No
WK,3,135,Public,No
WK,4,145,Public,No
WK,5,159,Public,No
WK,6,178,Public,No
WK,7,172,Public,No
WK,8,178,Public,No
WK,9,185,Public,No
WK,10,207,Public,No
WK,11,197,Public,No
WK,12,208,Public,No
WK,13,218,Public,No
WK,14,239,Public,No
WK,15,236,Public,No
WK,16,243,Public,No
WK,17,257,Public,No
WK,18,279,Public,No
WK,19,293,Public,No
WK,20,296,Public,No
WK,21,321,Public,No
WK,22,343,Public,No
WK,23,335,Public,No
SPT,-7,56,Public,Yes
SPT,-6,68,Public,Yes
SPT,-5,74,Public,Yes
SPT,-4,81,Public,Yes
SPT,-3,88,Public,Yes
SPT,-2,93,Public,Yes
SPT,-1,102,Public,Yes
SPT,0,105,Public,Yes
SPT,1,111,Public,Yes
SPT,2,124,Public,Yes
SPT,3,130,Public,Yes
CYBR,-9,40,Public,No
CYBR,-8,40,Public,No
CYBR,-7,45,Public,No
CYBR,-6,62,Public,No
CYBR,-5,50,Public,No
CYBR,-4,65,Public,No
CYBR,-3,67,Public,No
CYBR,-2,80,Public,No
CYBR,-1,69,Public,No
CYBR,0,85,Public,No
CYBR,1,111,Public,No
CYBR,2,145,Public,No
CYBR,3,131,Public,No
CYBR,4,145,Public,No
CYBR,5,160,Public,No
CYBR,6,205,Public,No
CYBR,7,187,Public,No
CYBR,8,201,Public,No
CYBR,9,219,Public,No
CYBR,10,257,Public,No
CYBR,11,236,Public,No
CYBR,12,229,Public,No
CYBR,13,259,Public,No
CYBR,14,321,Public,No
CYBR,15,287,Public,No
CYBR,16,310,Public,No
CYBR,17,338,Public,No
CYBR,18,436,Public,No
CYBR,19,383,Public,No
CYBR,20,400,Public,No
CYBR,21,432,Public,No
CYBR,22,518,Public,No
CYBR,23,427,Public,No
CYBR,24,425,Public,No
DBX,-7,740,Public,No
DBX,-6,803,Public,No
DBX,-5,884,Public,No
DBX,-4,952,Public,No
DBX,-3,991,Public,No
DBX,-2,1066,Public,No
DBX,-1,1146,Public,No
DBX,0,1222,Public,No
DBX,1,1307,Public,No
DBX,2,1396,Public,No
DBX,3,1461,Public,No
DBX,4,1530,Public,No
DBX,5,1600,Public,No
DBX,6,1651,Public,No
DBX,7,1766,Public,No
DBX,8,1820,Public,No
DBX,9,1864,Public,No
DBX,10,1869,Public,No
AVLR,-8,143,Public,No
AVLR,-7,143,Public,No
AVLR,-6,155,Public,No
AVLR,-5,176,Public,No
AVLR,-4,183,Public,No
AVLR,-3,193,Public,No
AVLR,-2,206,Public,No
AVLR,-1,216,Public,No
AVLR,0,225,Public,No
AVLR,1,233,Public,No
AVLR,2,250,Public,No
AVLR,3,286,Public,No
AVLR,4,301,Public,No
AVLR,5,330,Public,No
AVLR,6,358,Public,No
AVLR,7,399,Public,No
AVLR,8,408,Public,No
AVLR,9,465,Public,No
DT,-8,232,Public,Yes
DT,-7,247,Public,Yes
DT,-6,263,Public,Yes
DT,-5,280,Public,Yes
DT,-4,306,Public,Yes
DT,-3,403,Public,Yes
DT,-2,372,Public,Yes
DT,-1,403,Public,Yes
DT,0,437,Public,Yes
DT,1,470,Public,Yes
DT,2,534,Public,Yes
DT,3,572,Public,Yes
DT,4,601,Public,Yes
SVMK,-5,211,Public,No
SVMK,-4,214,Public,No
SVMK,-3,221,Public,No
SVMK,-2,228,Public,No
SVMK,-1,233,Public,No
SVMK,0,250,Public,No
SVMK,1,260,Public,No
SVMK,2,271,Public,No
SVMK,3,274,Public,No
SVMK,4,300,Public,No
SVMK,5,317,Public,No
SVMK,6,337,Public,No
SVMK,7,353,Public,No
SVMK,8,363,Public,No
BAND,-6,147,Public,No
BAND,-5,151,Public,No
BAND,-4,154,Public,No
BAND,-3,155,Public,No
BAND,-2,158,Public,No
BAND,-1,158,Public,No
BAND,0,165,Public,No
BAND,1,169,Public,No
BAND,2,212,Public,No
BAND,3,193,Public,No
BAND,4,201,Public,No
BAND,5,209,Public,No
BAND,6,213,Public,No
BAND,7,227,Public,No
BAND,8,241,Public,No
BAND,9,248,Public,No
BAND,10,274,Public,No
APPN,-8,92,Public,No
APPN,-7,110,Public,No
APPN,-6,120,Public,No
APPN,-5,121,Public,No
APPN,-4,143,Public,No
APPN,-3,129,Public,No
APPN,-2,122,Public,No
APPN,-1,134,Public,No
APPN,0,153,Public,No
APPN,1,172,Public,No
APPN,2,178,Public,No
APPN,3,202,Public,No
APPN,4,206,Public,No
APPN,5,239,Public,No
APPN,6,219,Public,No
APPN,7,240,Public,No
APPN,8,238,Public,No
APPN,9,267,Public,No
APPN,10,277,Public,No
APPN,11,281,Public,No
APPN,12,315,Public,No
APPN,13,267,Public,No
PCTY,-2,76,Public,No
PCTY,-1,84,Public,No
PCTY,0,90,Public,No
PCTY,1,124,Public,No
PCTY,2,108,Public,No
PCTY,3,118,Public,No
PCTY,5,175,Public,No
PCTY,6,150,Public,No
PCTY,7,171,Public,No
PCTY,8,209,Public,No
PCTY,9,268,Public,No
PCTY,10,228,Public,No
PCTY,11,250,Public,No
PCTY,12,264,Public,No
PCTY,13,345,Public,No
PCTY,14,288,Public,No
PCTY,15,315,Public,No
PCTY,16,332,Public,No
PCTY,17,434,Public,No
PCTY,18,359,Public,No
PCTY,19,397,Public,No
PCTY,20,418,Public,No
PCTY,21,544,Public,No
PCTY,22,443,Public,No
PCTY,23,506,Public,No
PCTY,24,529,Public,No
PCTY,25,686,Public,No
PCTY,26,522,Public,No
FSCT,-2,177,Public,No
FSCT,0,257,Public,No
FSCT,1,263,Public,No
FSCT,2,238,Public,No
FSCT,3,270,Public,No
FSCT,4,342,Public,No
FSCT,5,338,Public,No
FSCT,6,302,Public,No
CSOD,-3,38,Public,No
CSOD,-2,42,Public,No
CSOD,-1,49,Public,No
CSOD,0,44,Public,No
CSOD,1,62,Public,No
CSOD,2,59,Public,No
CSOD,3,80,Public,No
CSOD,4,89,Public,No
CSOD,5,96,Public,No
CSOD,6,106,Public,No
CSOD,7,123,Public,No
CSOD,8,145,Public,No
CSOD,9,150,Public,No
CSOD,10,177,Public,No
CSOD,11,193,Public,No
CSOD,12,219,Public,No
CSOD,13,229,Public,No
CSOD,14,245,Public,No
CSOD,15,273,Public,No
CSOD,16,305,Public,No
CSOD,17,295,Public,No
CSOD,18,330,Public,No
CSOD,19,349,Public,No
CSOD,20,383,Public,No
CSOD,21,318,Public,No
CSOD,22,336,Public,No
CSOD,23,345,Public,No
CSOD,24,357,Public,No
CSOD,25,371,Public,No
CSOD,26,385,Public,No
CSOD,27,404,Public,No
CSOD,28,425,Public,No
CSOD,29,452,Public,No
CSOD,30,459,Public,No
CSOD,31,475,Public,No
CSOD,32,505,Public,No
CSOD,33,525,Public,No
CSOD,34,530,Public,No
CSOD,35,549,Public,No
CSOD,36,566,Public,No
CSOD,37,577,Public,No
CSOD,38,708,Public,No
P0,-20,16.32,Private,Yes
P0,-16,50.67,Private,Yes
P0,-12,95,Private,Yes
P0,-8,242.86,Private,Yes
P0,-4,425,Private,Yes
P1,-12,38.8,Private,Yes
P1,-11,49.8,Private,Yes
P1,-10,62.6,Private,Yes
P1,-9,79.5,Private,Yes
P1,-8,92.7,Private,Yes
P1,-7,110,Private,Yes
P1,-6,129.4,Private,Yes
P1,-5,159.1,Private,Yes
PATH,-10,100,Public,Yes
PATH,-9,134,Public,Yes
PATH,-8,169,Public,Yes
PATH,-7,204,Public,Yes
PATH,-6,242,Public,Yes
PATH,-5,283,Public,Yes
PATH,-4,351,Public,Yes
PATH,-3,398,Public,Yes
PATH,-2,453,Public,Yes
PATH,-1,518,Public,Yes
PATH,0,580,Public,Yes